{
  "meta": {
    "unitId": "m1-1-1-III-3",
    "perDifficulty": 20,
    "createdAt": "2026-01-17T09:57:32.275375"
  },
  "problems": {
    "1": [
      {
        "id": "P5073368852897782",
        "unitId": "m1-1-1-III-3",
        "difficulty": 1,
        "question": "x=8는 1x + 2 = 10의 해인가? (예/아니오)",
        "answer": "예",
        "answerType": "string",
        "tolerance": 0,
        "unitLabel": "",
        "hint": "",
        "explain": "",
        "tags": []
      },
      {
        "id": "P0376072455710920",
        "unitId": "m1-1-1-III-3",
        "difficulty": 1,
        "question": "x=-1는 8x + 8 = 0의 해인가? (예/아니오)",
        "answer": "예",
        "answerType": "string",
        "tolerance": 0,
        "unitLabel": "",
        "hint": "",
        "explain": "",
        "tags": []
      },
      {
        "id": "P6446664695758374",
        "unitId": "m1-1-1-III-3",
        "difficulty": 1,
        "question": "x=1는 5x - 16 = -11의 해인가? (예/아니오)",
        "answer": "예",
        "answerType": "string",
        "tolerance": 0,
        "unitLabel": "",
        "hint": "",
        "explain": "",
        "tags": []
      },
      {
        "id": "P4627116589272723",
        "unitId": "m1-1-1-III-3",
        "difficulty": 1,
        "question": "x=-8는 9x + 4 = -68의 해인가? (예/아니오)",
        "answer": "예",
        "answerType": "string",
        "tolerance": 0,
        "unitLabel": "",
        "hint": "",
        "explain": "",
        "tags": []
      },
      {
        "id": "P9090499565736644",
        "unitId": "m1-1-1-III-3",
        "difficulty": 1,
        "question": "x=7는 1x + 8 = 15의 해인가? (예/아니오)",
        "answer": "예",
        "answerType": "string",
        "tolerance": 0,
        "unitLabel": "",
        "hint": "",
        "explain": "",
        "tags": []
      },
      {
        "id": "P6050058340700643",
        "unitId": "m1-1-1-III-3",
        "difficulty": 1,
        "question": "x=8는 4x + 0 = 32의 해인가? (예/아니오)",
        "answer": "예",
        "answerType": "string",
        "tolerance": 0,
        "unitLabel": "",
        "hint": "",
        "explain": "",
        "tags": []
      },
      {
        "id": "P4505231090150913",
        "unitId": "m1-1-1-III-3",
        "difficulty": 1,
        "question": "x=6는 3x - 17 = 1의 해인가? (예/아니오)",
        "answer": "예",
        "answerType": "string",
        "tolerance": 0,
        "unitLabel": "",
        "hint": "",
        "explain": "",
        "tags": []
      },
      {
        "id": "P6461270911437191",
        "unitId": "m1-1-1-III-3",
        "difficulty": 1,
        "question": "x=0는 2x + 12 = 12의 해인가? (예/아니오)",
        "answer": "예",
        "answerType": "string",
        "tolerance": 0,
        "unitLabel": "",
        "hint": "",
        "explain": "",
        "tags": []
      },
      {
        "id": "P9909860226468876",
        "unitId": "m1-1-1-III-3",
        "difficulty": 1,
        "question": "x=-9는 4x + 8 = -28의 해인가? (예/아니오)",
        "answer": "예",
        "answerType": "string",
        "tolerance": 0,
        "unitLabel": "",
        "hint": "",
        "explain": "",
        "tags": []
      },
      {
        "id": "P1587462079815413",
        "unitId": "m1-1-1-III-3",
        "difficulty": 1,
        "question": "x=6는 9x + 19 = 73의 해인가? (예/아니오)",
        "answer": "예",
        "answerType": "string",
        "tolerance": 0,
        "unitLabel": "",
        "hint": "",
        "explain": "",
        "tags": []
      },
      {
        "id": "P4087693972473203",
        "unitId": "m1-1-1-III-3",
        "difficulty": 1,
        "question": "x=1는 5x + 4 = 9의 해인가? (예/아니오)",
        "answer": "예",
        "answerType": "string",
        "tolerance": 0,
        "unitLabel": "",
        "hint": "",
        "explain": "",
        "tags": []
      },
      {
        "id": "P6473053569693069",
        "unitId": "m1-1-1-III-3",
        "difficulty": 1,
        "question": "x=0는 1x + 20 = 20의 해인가? (예/아니오)",
        "answer": "예",
        "answerType": "string",
        "tolerance": 0,
        "unitLabel": "",
        "hint": "",
        "explain": "",
        "tags": []
      },
      {
        "id": "P5579632124184023",
        "unitId": "m1-1-1-III-3",
        "difficulty": 1,
        "question": "x=-8는 6x - 14 = -62의 해인가? (예/아니오)",
        "answer": "예",
        "answerType": "string",
        "tolerance": 0,
        "unitLabel": "",
        "hint": "",
        "explain": "",
        "tags": []
      },
      {
        "id": "P7237336550024618",
        "unitId": "m1-1-1-III-3",
        "difficulty": 1,
        "question": "x=2는 5x - 4 = 6의 해인가? (예/아니오)",
        "answer": "예",
        "answerType": "string",
        "tolerance": 0,
        "unitLabel": "",
        "hint": "",
        "explain": "",
        "tags": []
      },
      {
        "id": "P0815019874478839",
        "unitId": "m1-1-1-III-3",
        "difficulty": 1,
        "question": "x=9는 3x + 1 = 28의 해인가? (예/아니오)",
        "answer": "예",
        "answerType": "string",
        "tolerance": 0,
        "unitLabel": "",
        "hint": "",
        "explain": "",
        "tags": []
      },
      {
        "id": "P9676965076927446",
        "unitId": "m1-1-1-III-3",
        "difficulty": 1,
        "question": "x=-6는 6x - 1 = -37의 해인가? (예/아니오)",
        "answer": "예",
        "answerType": "string",
        "tolerance": 0,
        "unitLabel": "",
        "hint": "",
        "explain": "",
        "tags": []
      },
      {
        "id": "P7088340143710539",
        "unitId": "m1-1-1-III-3",
        "difficulty": 1,
        "question": "x=2는 3x + 18 = 24의 해인가? (예/아니오)",
        "answer": "예",
        "answerType": "string",
        "tolerance": 0,
        "unitLabel": "",
        "hint": "",
        "explain": "",
        "tags": []
      },
      {
        "id": "P3766793060563002",
        "unitId": "m1-1-1-III-3",
        "difficulty": 1,
        "question": "x=-8는 5x + 15 = -25의 해인가? (예/아니오)",
        "answer": "예",
        "answerType": "string",
        "tolerance": 0,
        "unitLabel": "",
        "hint": "",
        "explain": "",
        "tags": []
      },
      {
        "id": "P0934529650660217",
        "unitId": "m1-1-1-III-3",
        "difficulty": 1,
        "question": "x=0는 3x + 13 = 13의 해인가? (예/아니오)",
        "answer": "예",
        "answerType": "string",
        "tolerance": 0,
        "unitLabel": "",
        "hint": "",
        "explain": "",
        "tags": []
      },
      {
        "id": "P0182305377915327",
        "unitId": "m1-1-1-III-3",
        "difficulty": 1,
        "question": "x=3는 9x + 3 = 30의 해인가? (예/아니오)",
        "answer": "예",
        "answerType": "string",
        "tolerance": 0,
        "unitLabel": "",
        "hint": "",
        "explain": "",
        "tags": []
      }
    ],
    "2": [
      {
        "id": "P3417323451315481",
        "unitId": "m1-1-1-III-3",
        "difficulty": 2,
        "question": "4x - 4 = -8의 해를 구하시오.",
        "answer": "-1",
        "answerType": "number",
        "tolerance": 0,
        "unitLabel": "",
        "hint": "",
        "explain": "",
        "tags": []
      },
      {
        "id": "P9999766211030286",
        "unitId": "m1-1-1-III-3",
        "difficulty": 2,
        "question": "5x - 3 = 22의 해를 구하시오.",
        "answer": "5",
        "answerType": "number",
        "tolerance": 0,
        "unitLabel": "",
        "hint": "",
        "explain": "",
        "tags": []
      },
      {
        "id": "P8444283886858833",
        "unitId": "m1-1-1-III-3",
        "difficulty": 2,
        "question": "3x - 1 = -19의 해를 구하시오.",
        "answer": "-6",
        "answerType": "number",
        "tolerance": 0,
        "unitLabel": "",
        "hint": "",
        "explain": "",
        "tags": []
      },
      {
        "id": "P8763927725427418",
        "unitId": "m1-1-1-III-3",
        "difficulty": 2,
        "question": "2x + 0 = -14의 해를 구하시오.",
        "answer": "-7",
        "answerType": "number",
        "tolerance": 0,
        "unitLabel": "",
        "hint": "",
        "explain": "",
        "tags": []
      },
      {
        "id": "P3767198708225246",
        "unitId": "m1-1-1-III-3",
        "difficulty": 2,
        "question": "4x + 9 = 45의 해를 구하시오.",
        "answer": "9",
        "answerType": "number",
        "tolerance": 0,
        "unitLabel": "",
        "hint": "",
        "explain": "",
        "tags": []
      },
      {
        "id": "P8090437196393011",
        "unitId": "m1-1-1-III-3",
        "difficulty": 2,
        "question": "4x + 9 = -11의 해를 구하시오.",
        "answer": "-5",
        "answerType": "number",
        "tolerance": 0,
        "unitLabel": "",
        "hint": "",
        "explain": "",
        "tags": []
      },
      {
        "id": "P4108586114965334",
        "unitId": "m1-1-1-III-3",
        "difficulty": 2,
        "question": "9x - 9 = -54의 해를 구하시오.",
        "answer": "-5",
        "answerType": "number",
        "tolerance": 0,
        "unitLabel": "",
        "hint": "",
        "explain": "",
        "tags": []
      },
      {
        "id": "P2849279325633582",
        "unitId": "m1-1-1-III-3",
        "difficulty": 2,
        "question": "9x + 9 = -18의 해를 구하시오.",
        "answer": "-3",
        "answerType": "number",
        "tolerance": 0,
        "unitLabel": "",
        "hint": "",
        "explain": "",
        "tags": []
      },
      {
        "id": "P2391684972455194",
        "unitId": "m1-1-1-III-3",
        "difficulty": 2,
        "question": "5x + 7 = 27의 해를 구하시오.",
        "answer": "4",
        "answerType": "number",
        "tolerance": 0,
        "unitLabel": "",
        "hint": "",
        "explain": "",
        "tags": []
      },
      {
        "id": "P6783068250650924",
        "unitId": "m1-1-1-III-3",
        "difficulty": 2,
        "question": "5x + 1 = 26의 해를 구하시오.",
        "answer": "5",
        "answerType": "number",
        "tolerance": 0,
        "unitLabel": "",
        "hint": "",
        "explain": "",
        "tags": []
      },
      {
        "id": "P7694385519755760",
        "unitId": "m1-1-1-III-3",
        "difficulty": 2,
        "question": "9x + 4 = 76의 해를 구하시오.",
        "answer": "8",
        "answerType": "number",
        "tolerance": 0,
        "unitLabel": "",
        "hint": "",
        "explain": "",
        "tags": []
      },
      {
        "id": "P8168912395812401",
        "unitId": "m1-1-1-III-3",
        "difficulty": 2,
        "question": "8x - 5 = 11의 해를 구하시오.",
        "answer": "2",
        "answerType": "number",
        "tolerance": 0,
        "unitLabel": "",
        "hint": "",
        "explain": "",
        "tags": []
      },
      {
        "id": "P0521798032610045",
        "unitId": "m1-1-1-III-3",
        "difficulty": 2,
        "question": "4x - 2 = 34의 해를 구하시오.",
        "answer": "9",
        "answerType": "number",
        "tolerance": 0,
        "unitLabel": "",
        "hint": "",
        "explain": "",
        "tags": []
      },
      {
        "id": "P9342935539974996",
        "unitId": "m1-1-1-III-3",
        "difficulty": 2,
        "question": "7x + 7 = 42의 해를 구하시오.",
        "answer": "5",
        "answerType": "number",
        "tolerance": 0,
        "unitLabel": "",
        "hint": "",
        "explain": "",
        "tags": []
      },
      {
        "id": "P0838751253717900",
        "unitId": "m1-1-1-III-3",
        "difficulty": 2,
        "question": "3x - 1 = 17의 해를 구하시오.",
        "answer": "6",
        "answerType": "number",
        "tolerance": 0,
        "unitLabel": "",
        "hint": "",
        "explain": "",
        "tags": []
      },
      {
        "id": "P9053062089782412",
        "unitId": "m1-1-1-III-3",
        "difficulty": 2,
        "question": "6x + 4 = -26의 해를 구하시오.",
        "answer": "-5",
        "answerType": "number",
        "tolerance": 0,
        "unitLabel": "",
        "hint": "",
        "explain": "",
        "tags": []
      },
      {
        "id": "P9464132630117606",
        "unitId": "m1-1-1-III-3",
        "difficulty": 2,
        "question": "8x - 8 = -56의 해를 구하시오.",
        "answer": "-6",
        "answerType": "number",
        "tolerance": 0,
        "unitLabel": "",
        "hint": "",
        "explain": "",
        "tags": []
      },
      {
        "id": "P9304719271262750",
        "unitId": "m1-1-1-III-3",
        "difficulty": 2,
        "question": "9x + 1 = -26의 해를 구하시오.",
        "answer": "-3",
        "answerType": "number",
        "tolerance": 0,
        "unitLabel": "",
        "hint": "",
        "explain": "",
        "tags": []
      },
      {
        "id": "P5020071146932354",
        "unitId": "m1-1-1-III-3",
        "difficulty": 2,
        "question": "2x + 2 = 8의 해를 구하시오.",
        "answer": "3",
        "answerType": "number",
        "tolerance": 0,
        "unitLabel": "",
        "hint": "",
        "explain": "",
        "tags": []
      },
      {
        "id": "P3749126734177675",
        "unitId": "m1-1-1-III-3",
        "difficulty": 2,
        "question": "8x - 8 = -32의 해를 구하시오.",
        "answer": "-3",
        "answerType": "number",
        "tolerance": 0,
        "unitLabel": "",
        "hint": "",
        "explain": "",
        "tags": []
      }
    ],
    "3": [
      {
        "id": "P9308259047499530",
        "unitId": "m1-1-1-III-3",
        "difficulty": 3,
        "question": "1x = 1x + 1의 해는? (없음/무수히많음)",
        "answer": "없음",
        "answerType": "string",
        "tolerance": 0,
        "unitLabel": "",
        "hint": "",
        "explain": "",
        "tags": []
      },
      {
        "id": "P1375995877258716",
        "unitId": "m1-1-1-III-3",
        "difficulty": 3,
        "question": "6x = 6x + -5의 해는? (없음/무수히많음)",
        "answer": "없음",
        "answerType": "string",
        "tolerance": 0,
        "unitLabel": "",
        "hint": "",
        "explain": "",
        "tags": []
      },
      {
        "id": "P6960719885759836",
        "unitId": "m1-1-1-III-3",
        "difficulty": 3,
        "question": "5x = 5x + 6의 해는? (없음/무수히많음)",
        "answer": "없음",
        "answerType": "string",
        "tolerance": 0,
        "unitLabel": "",
        "hint": "",
        "explain": "",
        "tags": []
      },
      {
        "id": "P4486014739822466",
        "unitId": "m1-1-1-III-3",
        "difficulty": 3,
        "question": "3x = 3x + 6의 해는? (없음/무수히많음)",
        "answer": "없음",
        "answerType": "string",
        "tolerance": 0,
        "unitLabel": "",
        "hint": "",
        "explain": "",
        "tags": []
      },
      {
        "id": "P0190038849109703",
        "unitId": "m1-1-1-III-3",
        "difficulty": 3,
        "question": "1x = 1x + -7의 해는? (없음/무수히많음)",
        "answer": "없음",
        "answerType": "string",
        "tolerance": 0,
        "unitLabel": "",
        "hint": "",
        "explain": "",
        "tags": []
      },
      {
        "id": "P5488042454438354",
        "unitId": "m1-1-1-III-3",
        "difficulty": 3,
        "question": "4x = 4x + -5의 해는? (없음/무수히많음)",
        "answer": "없음",
        "answerType": "string",
        "tolerance": 0,
        "unitLabel": "",
        "hint": "",
        "explain": "",
        "tags": []
      },
      {
        "id": "P1111868603242384",
        "unitId": "m1-1-1-III-3",
        "difficulty": 3,
        "question": "9x = 9x + 4의 해는? (없음/무수히많음)",
        "answer": "없음",
        "answerType": "string",
        "tolerance": 0,
        "unitLabel": "",
        "hint": "",
        "explain": "",
        "tags": []
      },
      {
        "id": "P3011511945862199",
        "unitId": "m1-1-1-III-3",
        "difficulty": 3,
        "question": "5x = 5x + -2의 해는? (없음/무수히많음)",
        "answer": "없음",
        "answerType": "string",
        "tolerance": 0,
        "unitLabel": "",
        "hint": "",
        "explain": "",
        "tags": []
      },
      {
        "id": "P4198255437534430",
        "unitId": "m1-1-1-III-3",
        "difficulty": 3,
        "question": "1x = 1x + -2의 해는? (없음/무수히많음)",
        "answer": "없음",
        "answerType": "string",
        "tolerance": 0,
        "unitLabel": "",
        "hint": "",
        "explain": "",
        "tags": []
      },
      {
        "id": "P1108578952900150",
        "unitId": "m1-1-1-III-3",
        "difficulty": 3,
        "question": "8x = 8x + -7의 해는? (없음/무수히많음)",
        "answer": "없음",
        "answerType": "string",
        "tolerance": 0,
        "unitLabel": "",
        "hint": "",
        "explain": "",
        "tags": []
      },
      {
        "id": "P0164353522058944",
        "unitId": "m1-1-1-III-3",
        "difficulty": 3,
        "question": "8x = 8x + 8의 해는? (없음/무수히많음)",
        "answer": "없음",
        "answerType": "string",
        "tolerance": 0,
        "unitLabel": "",
        "hint": "",
        "explain": "",
        "tags": []
      },
      {
        "id": "P2419381344209933",
        "unitId": "m1-1-1-III-3",
        "difficulty": 3,
        "question": "9x = 9x + 9의 해는? (없음/무수히많음)",
        "answer": "없음",
        "answerType": "string",
        "tolerance": 0,
        "unitLabel": "",
        "hint": "",
        "explain": "",
        "tags": []
      },
      {
        "id": "P4292388931033337",
        "unitId": "m1-1-1-III-3",
        "difficulty": 3,
        "question": "3x = 3x + 0의 해는? (없음/무수히많음)",
        "answer": "무수히많음",
        "answerType": "string",
        "tolerance": 0,
        "unitLabel": "",
        "hint": "",
        "explain": "",
        "tags": []
      },
      {
        "id": "P5706637160224288",
        "unitId": "m1-1-1-III-3",
        "difficulty": 3,
        "question": "6x = 6x + -2의 해는? (없음/무수히많음)",
        "answer": "없음",
        "answerType": "string",
        "tolerance": 0,
        "unitLabel": "",
        "hint": "",
        "explain": "",
        "tags": []
      },
      {
        "id": "P5234845576782113",
        "unitId": "m1-1-1-III-3",
        "difficulty": 3,
        "question": "3x = 3x + -7의 해는? (없음/무수히많음)",
        "answer": "없음",
        "answerType": "string",
        "tolerance": 0,
        "unitLabel": "",
        "hint": "",
        "explain": "",
        "tags": []
      },
      {
        "id": "P9534036779855150",
        "unitId": "m1-1-1-III-3",
        "difficulty": 3,
        "question": "6x = 6x + -7의 해는? (없음/무수히많음)",
        "answer": "없음",
        "answerType": "string",
        "tolerance": 0,
        "unitLabel": "",
        "hint": "",
        "explain": "",
        "tags": []
      },
      {
        "id": "P7864123358453176",
        "unitId": "m1-1-1-III-3",
        "difficulty": 3,
        "question": "9x = 9x + 7의 해는? (없음/무수히많음)",
        "answer": "없음",
        "answerType": "string",
        "tolerance": 0,
        "unitLabel": "",
        "hint": "",
        "explain": "",
        "tags": []
      },
      {
        "id": "P0203343062881657",
        "unitId": "m1-1-1-III-3",
        "difficulty": 3,
        "question": "9x = 9x + 8의 해는? (없음/무수히많음)",
        "answer": "없음",
        "answerType": "string",
        "tolerance": 0,
        "unitLabel": "",
        "hint": "",
        "explain": "",
        "tags": []
      },
      {
        "id": "P6356707914686300",
        "unitId": "m1-1-1-III-3",
        "difficulty": 3,
        "question": "8x = 8x + -8의 해는? (없음/무수히많음)",
        "answer": "없음",
        "answerType": "string",
        "tolerance": 0,
        "unitLabel": "",
        "hint": "",
        "explain": "",
        "tags": []
      },
      {
        "id": "P7473165915626453",
        "unitId": "m1-1-1-III-3",
        "difficulty": 3,
        "question": "6x = 6x + -1의 해는? (없음/무수히많음)",
        "answer": "없음",
        "answerType": "string",
        "tolerance": 0,
        "unitLabel": "",
        "hint": "",
        "explain": "",
        "tags": []
      }
    ]
  }
}