{
  "m1-1-1-I-1": "핵심: 자연수를 소수의 곱으로 나타내는 것\n- 소인수: 소수인 인수\n- 소인수분해는 유일하다(순서만 다름)\n\n기본 전략: 작은 소수(2,3,5,7,11...)로 나누어 떨어질 때까지 나누기",
  "m1-1-1-I-2": "핵심: 공약수/공배수 중 최대/최소\n- 소인수분해로 GCD/LCM 구하기\n- GCD: 공통 소인수의 지수는 '작은 쪽'\n- LCM: 소인수의 지수는 '큰 쪽'",
  "m1-1-1-II-1": "핵심: 정수와 유리수의 개념\n- 정수: 양의 정수, 0, 음의 정수\n- 유리수: 정수를 포함, 분수 형태로 표현 가능한 수\n- 수직선 위에서 위치 표현",
  "m1-1-1-II-2": "핵심: 정수와 유리수의 사칙연산\n- 덧셈, 뺄셈, 곱셈, 나눗셈 규칙\n- 부호 규칙 주의\n- 연산 순서: 괄호 → 곱셈/나눗셈 → 덧셈/뺄셈",
  "m1-1-1-III-1": "핵심: 문자를 사용한 식의 표현\n- 곱셈 기호 생략\n- 나눗셈은 분수로 표현\n- 문자와 숫자의 곱은 숫자를 앞에",
  "m1-1-1-III-2": "핵심: 일차식의 덧셈과 뺄셈\n- 동류항끼리 계산\n- 계수는 더하고 문자는 그대로\n- 괄호 풀기 규칙 적용",
  "m1-1-1-III-3": "핵심: 방정식과 해의 개념\n- 방정식: 미지수를 포함한 등식\n- 해: 방정식을 참이 되게 하는 미지수의 값\n- 항등식과 방정식의 차이",
  "m1-1-1-III-4": "핵심: 등식의 성질\n- 양변에 같은 수를 더/빼도 등식 성립\n- 양변에 같은 수를 곱/나눠도(0 제외) 등식 성립\n전략: 괄호 풀기 → 항 정리 → 미지수항 한쪽/상수항 한쪽",
  "m1-1-1-III-5": "핵심: 일차방정식의 활용\n- 문제를 식으로 나타내기\n- 미지수 설정\n- 방정식 세우기 → 풀기 → 검산",
  "m1-1-2-I-1": "핵심: 점, 선, 면, 각 등 기본 도형\n- 직선, 반직선, 선분의 차이\n- 각의 표현과 측정\n- 수직과 평행",
  "m1-1-2-I-2": "핵심: 점, 직선, 평면의 위치 관계\n- 평행선과 수직선\n- 두 직선의 위치 관계\n- 평면과 직선의 위치 관계",
  "m1-1-2-I-3": "핵심: 작도와 도형의 합동\n- 컴퍼스와 자를 이용한 작도\n- 합동 조건\n- 대응점, 대응변, 대응각",
  "m1-1-2-II-1": "핵심: 다각형의 성질\n- 내각의 합: (n-2)×180°\n- 외각의 합: 360°\n- 정다각형의 한 내각",
  "m1-1-2-II-2": "핵심: 원과 부채꼴\n- 현, 호, 부채꼴\n- 부채꼴의 넓이와 호의 길이\n- 중심각과 호의 관계",
  "m1-1-2-III-1": "핵심: 다면체와 회전체\n- 다면체: 면, 모서리, 꼭짓점\n- 정다면체: 5종류\n- 회전체: 원기둥, 원뿔, 구",
  "m1-1-2-III-2": "핵심: 입체도형의 겉넓이와 부피\n- 각기둥, 각뿔의 겉넓이와 부피\n- 원기둥, 원뿔, 구의 겉넓이와 부피\n- 공식 암기 및 활용"
}
