{
  "grade": "M1",
  "title": "중1 수학 (1-1/1-2)",
  "chapters": [
    {
      "id": "m1-1-1",
      "title": "1-1",
      "sections": [
        {
          "id": "m1-1-1-I",
          "title": "Ⅰ. 소인수분해",
          "units": [
            {"id": "m1-1-1-I-1", "title": "소인수분해"},
            {"id": "m1-1-1-I-2", "title": "최대공약수와 최소공배수"}
          ]
        },
        {
          "id": "m1-1-1-II",
          "title": "Ⅱ. 정수와 유리수",
          "units": [
            {"id": "m1-1-1-II-1", "title": "정수와 유리수"},
            {"id": "m1-1-1-II-2", "title": "정수와 유리수의 계산"}
          ]
        },
        {
          "id": "m1-1-1-III",
          "title": "Ⅲ. 문자와 식",
          "units": [
            {"id": "m1-1-1-III-1", "title": "문자의 사용과 식"},
            {"id": "m1-1-1-III-2", "title": "일차식의 계산"},
            {"id": "m1-1-1-III-3", "title": "방정식과 그 해"},
            {"id": "m1-1-1-III-4", "title": "일차방정식의 풀이"},
            {"id": "m1-1-1-III-5", "title": "일차방정식의 활용"}
          ]
        }
      ]
    },
    {
      "id": "m1-1-2",
      "title": "1-2",
      "sections": [
        {
          "id": "m1-1-2-I",
          "title": "I. 기본 도형",
          "units": [
            {"id": "m1-1-2-I-1", "title": "기본 도형"},
            {"id": "m1-1-2-I-2", "title": "위치 관계"},
            {"id": "m1-1-2-I-3", "title": "작도와 합동"}
          ]
        },
        {
          "id": "m1-1-2-II",
          "title": "II. 평면도형",
          "units": [
            {"id": "m1-1-2-II-1", "title": "다각형"},
            {"id": "m1-1-2-II-2", "title": "원과 부채꼴"}
          ]
        },
        {
          "id": "m1-1-2-III",
          "title": "III. 입체도형",
          "units": [
            {"id": "m1-1-2-III-1", "title": "다면체와 회전체"},
            {"id": "m1-1-2-III-2", "title": "입체도형의 겉넓이와 부피"}
          ]
        }
      ]
    }
  ]
}
